{
  "advanced_stats": {
    "Mean (%)": {
      "AAPL": 0.11064377289329516,
      "MSFT": 0.10275648162788155,
      "NVDA": 0.2320535819415867,
      "TSLA": 0.22939110312041344,
      "AMZN": 0.09216429349482856,
      "META": 0.09563744760060636,
      "GOOGL": 0.10972712832726733
    },
    "Std (%)": {
      "AAPL": 1.935918512183013,
      "MSFT": 1.7838352724290023,
      "NVDA": 3.2241655188894396,
      "TSLA": 4.003686619710666,
      "AMZN": 2.166240571928864,
      "META": 2.6066380532784135,
      "GOOGL": 1.9483864878065267
    },
    "Skewness": {
      "AAPL": 0.1593020132897094,
      "MSFT": 0.0855340970438696,
      "NVDA": 0.13459008162084019,
      "TSLA": 0.29056937438915115,
      "AMZN": 0.09756876727727334,
      "META": -0.326823133827646,
      "GOOGL": -0.011013095320992436
    },
    "Kurtosis": {
      "AAPL": 6.478032017019615,
      "MSFT": 7.092582238859851,
      "NVDA": 4.8737887315988075,
      "TSLA": 3.7149929759216342,
      "AMZN": 4.2484360648500274,
      "META": 18.16204007402743,
      "GOOGL": 3.8788752200804937
    },
    "Min (%)": {
      "AAPL": -12.864667632206162,
      "MSFT": -14.739021035246026,
      "NVDA": -18.755914518161067,
      "TSLA": -21.062824320390796,
      "AMZN": -14.049437774923412,
      "META": -26.390102605501387,
      "GOOGL": -11.634159533785315
    },
    "Max (%)": {
      "AAPL": 15.32885145813383,
      "MSFT": 14.216866303478293,
      "NVDA": 24.369629287537254,
      "TSLA": 22.689989839624513,
      "AMZN": 13.535901735711864,
      "META": 23.282423137981368,
      "GOOGL": 10.224363993551155
    },
    "Sharpe Ratio": {
      "AAPL": 0.9072775698501958,
      "MSFT": 0.914439018633676,
      "NVDA": 1.142539485139083,
      "TSLA": 0.9095294454458269,
      "AMZN": 0.675392576910775,
      "META": 0.5824350689377795,
      "GOOGL": 0.8940034088145896
    },
    "VaR 95%": {
      "AAPL": -2.97664048919801,
      "MSFT": -2.7379512579684584,
      "NVDA": -4.722343808642765,
      "TSLA": -5.774319359668172,
      "AMZN": -3.280456954583217,
      "META": -3.726558404882442,
      "GOOGL": -2.9649592978820802
    },
    "Positive Days %": {
      "AAPL": 53.46534653465347,
      "MSFT": 53.910891089108915,
      "NVDA": 53.960396039603964,
      "TSLA": 51.831683168316836,
      "AMZN": 53.11881188118812,
      "META": 51.831683168316836,
      "GOOGL": 53.910891089108915
    }
  },
  "returns_correlation": {
    "AAPL": {
      "AAPL": 1.0,
      "MSFT": 0.6990095517201678,
      "NVDA": 0.5717586955290883,
      "TSLA": 0.4580791543485716,
      "AMZN": 0.5924251046836183,
      "META": 0.5321837607287765,
      "GOOGL": 0.6215757377537162
    },
    "MSFT": {
      "AAPL": 0.6990095517201678,
      "MSFT": 1.0,
      "NVDA": 0.6606643911101888,
      "TSLA": 0.4300892377839843,
      "AMZN": 0.6816971468623132,
      "META": 0.6089592686231105,
      "GOOGL": 0.7069522323274582
    },
    "NVDA": {
      "AAPL": 0.5717586955290883,
      "MSFT": 0.6606643911101888,
      "NVDA": 1.0,
      "TSLA": 0.44361986282921106,
      "AMZN": 0.5822337499577994,
      "META": 0.5249471669721013,
      "GOOGL": 0.5750701390004176
    },
    "TSLA": {
      "AAPL": 0.4580791543485716,
      "MSFT": 0.4300892377839843,
      "NVDA": 0.44361986282921106,
      "TSLA": 1.0,
      "AMZN": 0.42412781708211356,
      "META": 0.33898571805857786,
      "GOOGL": 0.4000548979372521
    },
    "AMZN": {
      "AAPL": 0.5924251046836183,
      "MSFT": 0.6816971468623132,
      "NVDA": 0.5822337499577994,
      "TSLA": 0.42412781708211356,
      "AMZN": 1.0,
      "META": 0.6106688541789054,
      "GOOGL": 0.6393481843953257
    },
    "META": {
      "AAPL": 0.5321837607287765,
      "MSFT": 0.6089592686231105,
      "NVDA": 0.5249471669721013,
      "TSLA": 0.33898571805857786,
      "AMZN": 0.6106688541789054,
      "META": 1.0,
      "GOOGL": 0.6083586255057661
    },
    "GOOGL": {
      "AAPL": 0.6215757377537162,
      "MSFT": 0.7069522323274582,
      "NVDA": 0.5750701390004176,
      "TSLA": 0.4000548979372521,
      "AMZN": 0.6393481843953257,
      "META": 0.6083586255057661,
      "GOOGL": 1.0
    }
  },
  "market_correlation": {
    "S&P 500 (GSPC)": {
      "AAPL": 0.7728271406035531,
      "MSFT": 0.8121129593482135,
      "NVDA": 0.6958866978990971,
      "TSLA": 0.5020159346409921,
      "AMZN": 0.6704421133850865,
      "META": 0.6230203148587529,
      "GOOGL": 0.7302535063189362
    },
    "NASDAQ (IXIC)": {
      "AAPL": 0.8090855438092579,
      "MSFT": 0.8547473255514718,
      "NVDA": 0.7865649250320891,
      "TSLA": 0.5839863799669225,
      "AMZN": 0.7712950050288161,
      "META": 0.6958096174280339,
      "GOOGL": 0.7830189623293378
    },
    "VIX": {
      "AAPL": -0.5444770249926619,
      "MSFT": -0.5723775756439838,
      "NVDA": -0.5284889216991085,
      "TSLA": -0.3815938961325317,
      "AMZN": -0.4985495412762579,
      "META": -0.43485819268814974,
      "GOOGL": -0.5402986031105858
    }
  },
  "average_volatility": {
    "AAPL": 27.917323218108912,
    "MSFT": 25.74874464244037,
    "NVDA": 47.70227246797035,
    "TSLA": 59.712830808331915,
    "AMZN": 32.00169048640148,
    "META": 37.47597053663513,
    "GOOGL": 29.249079698152965
  },
  "outlier_counts": {
    "AAPL": 29,
    "MSFT": 31,
    "NVDA": 21,
    "TSLA": 36,
    "AMZN": 30,
    "META": 27,
    "GOOGL": 29
  }
}